{
    "loss": 5.323466777801514,
    "accuracy": 0.8273381590843201
}